<?xml version="1.0" encoding="UTF-8" standalone="yes"?>
<!--

    Copyright (c) 1997, 2019 Oracle and/or its affiliates. All rights reserved.

    This program and the accompanying materials are made available under the
    terms of the Eclipse Distribution License v. 1.0, which is available at
    http://www.eclipse.org/org/documents/edl-v10.php.

    SPDX-License-Identifier: BSD-3-Clause

-->

<bindings 
    xmlns:xsd="http://www.w3.org/2001/XMLSchema"
    xmlns:wsdl="http://schemas.xmlsoap.org/wsdl/"
    wsdlLocation="http://localhost:8080/jaxws-external-customize/addnumbers?wsdl"
    xmlns="http://java.sun.com/xml/ns/jaxws">
    <package name="external_customize.client"/>
    <!-- default settings -->
    <enableWrapperStyle>true</enableWrapperStyle>
    <enableAsyncMapping>false</enableAsyncMapping>

    <!-- wsdl:portType customization -->
    <bindings node="wsdl:definitions/wsdl:portType[@name='AddNumbersImpl']">
        <!-- change the generated SEI class -->
        <class name="MathUtil"/>
        
        <!-- you can also override the following customization settings -->
        <enableWrapperStyle>true</enableWrapperStyle>
        <enableAsyncMapping>false</enableAsyncMapping>
    </bindings>
    
    <!-- wsdl:portType operation customization -->    
    <bindings node="wsdl:definitions/wsdl:portType[@name='AddNumbersImpl']/wsdl:operation[@name='addNumbers']">
        <!-- change java method name from addNumbers() to add() -->
        <method name="add"/>   
                
        <!-- rename method parameters-->           
        <parameter part="wsdl:definitions/wsdl:message[@name='addNumbers']/wsdl:part[@name='parameters']" childElementName="tns:number1" name="num1"/>
        <parameter part="wsdl:definitions/wsdl:message[@name='addNumbers']/wsdl:part[@name='parameters']" childElementName="tns:number2" name="num2"/>      
         
         <!-- you can also override the following customization settings -->
        <enableWrapperStyle>true</enableWrapperStyle>
        <enableAsyncMapping>false</enableAsyncMapping>
    </bindings> 
    
    <!-- change the generated exception class name -->
    <bindings node="wsdl:definitions/wsdl:portType[@name='AddNumbersImpl']/wsdl:operation[@name='addNumbers']/wsdl:fault[@name='AddNumbersException']">
        <class name="MathUtilException"/>
    </bindings>
    
    <!-- wsdl:service customization -->
    <bindings node="wsdl:definitions/wsdl:service[@name='AddNumbersService']">
        <!-- change the generated service class -->
        <class name="MathUtilService"/>
    </bindings>
    
    <!-- change the port accessor method -->
    <bindings node="wsdl:definitions/wsdl:service[@name='AddNumbersService']/wsdl:port[@name='AddNumbersImplPort']">
        <method name="getMathUtil"/>
    </bindings>    
    
</bindings>
