<?xml version="1.0" encoding="UTF-8" standalone="yes"?>
<!--

    Copyright (c) 1997, 2019 Oracle and/or its affiliates. All rights reserved.

    This program and the accompanying materials are made available under the
    terms of the Eclipse Distribution License v. 1.0, which is available at
    http://www.eclipse.org/org/documents/edl-v10.php.

    SPDX-License-Identifier: BSD-3-Clause

-->

<bindings wsdlLocation="http://localhost:8080/jaxws-mime/hello?wsdl"
    xmlns="http://java.sun.com/xml/ns/jaxws"
    xmlns:xs="http://www.w3.org/2001/XMLSchema"
    xmlns:wsdl="http://schemas.xmlsoap.org/wsdl/">

    <bindings node="wsdl:definitions/wsdl:binding[@name='HelloBinding']/wsdl:operation[@name='echoDataWithEnableMIMEContent']">
        <enableMIMEContent>true</enableMIMEContent>
    </bindings>
    <bindings node="wsdl:definitions/wsdl:binding[@name='HelloBinding']/wsdl:operation[@name='Detail']">
        <enableMIMEContent>true</enableMIMEContent>
    </bindings>
</bindings>
